stripe_id,user_id,username,name
"cus_U94Ds9Ut4bInEK","4","dani","dani"
"cus_U94DgBScZRCJHW","2","test","test"
"cus_U92OCVXyc7uPIf","3","kunde-1773464436370","kunde-1773464436370"
"cus_U92N2GYzcPQE28","3","kunde-1773464393336","kunde-1773464393336"
"cus_U92MLTv9EFQbA0","3","kunde-1773464344991","kunde-1773464344991"
"cus_U92LgSHpBlfick","3","kunde-1773464267421","kunde-1773464267421"
"cus_U92KlGsFG593bB","3","kunde-1773464232998","kunde-1773464232998"
"cus_U92Ko0Ouhb7jcT","3","kunde-1773464199131","kunde-1773464199131"
"cus_U926XH26cBqbys","3","markus","markus"
"cus_U924q2aLHKuvbz","5","jens","jens"
"cus_TO3HGd0csVketV","","","Markus Privat"
